class_id,class_name,sample_id
1,Glia,0011
2,L-shaped,1515
2,L-shaped,1543
2,L-shaped,1594
2,L-shaped,1635
2,L-shaped,1759
2,L-shaped,1770
2,L-shaped,1782
2,L-shaped,1784
2,L-shaped,1792
2,L-shaped,1794
2,L-shaped,1819
2,L-shaped,1832
2,L-shaped,1835
2,L-shaped,1837
2,L-shaped,1852
2,L-shaped,1856
2,L-shaped,1863
2,L-shaped,1865
2,L-shaped,1867
2,L-shaped,1868
2,L-shaped,1874
2,L-shaped,1887
2,L-shaped,1890
2,L-shaped,1900
2,L-shaped,1904
2,L-shaped,1905
2,L-shaped,1906
2,L-shaped,1912
2,L-shaped,1934
2,L-shaped,1937
2,L-shaped,1939
2,L-shaped,1942
2,L-shaped,1943
2,L-shaped,1945
2,L-shaped,1958
2,L-shaped,1967
2,L-shaped,1969
2,L-shaped,2070
2,L-shaped,2086
2,L-shaped,2093
2,L-shaped,2105
2,L-shaped,2121
2,L-shaped,2122
2,L-shaped,2126
2,L-shaped,2133
2,L-shaped,2143
2,L-shaped,2156
2,L-shaped,2160
2,L-shaped,2163
2,L-shaped,2185
2,L-shaped,2193
2,L-shaped,2198
2,L-shaped,2203
2,L-shaped,2214
2,L-shaped,2218
2,L-shaped,2220
2,L-shaped,2228
2,L-shaped,2232
2,L-shaped,2233
2,L-shaped,2236
2,L-shaped,2254
2,L-shaped,2268
2,L-shaped,2274
2,L-shaped,2279
2,L-shaped,2280
2,L-shaped,2293
2,L-shaped,2303
2,L-shaped,2310
2,L-shaped,2313
2,L-shaped,2315
2,L-shaped,2396
2,L-shaped,2482
2,L-shaped,2513
2,L-shaped,2518
2,L-shaped,2566
2,L-shaped,2575
2,L-shaped,2670
2,L-shaped,2682
2,L-shaped,2689
2,L-shaped,2693
2,L-shaped,2697
2,L-shaped,2729
2,L-shaped,2732
2,L-shaped,2751
2,L-shaped,2777
2,L-shaped,2842
2,L-shaped,2848
2,L-shaped,2867
2,L-shaped,2873
2,L-shaped,2883
2,L-shaped,2892
2,L-shaped,2898
2,L-shaped,2909
2,L-shaped,2910
2,L-shaped,2920
2,L-shaped,2925
2,L-shaped,2928
2,L-shaped,2929
2,L-shaped,2930
2,L-shaped,2931
2,L-shaped,2937
2,L-shaped,2944
2,L-shaped,2952
2,L-shaped,2957
2,L-shaped,2958
2,L-shaped,2967
2,L-shaped,2980
2,L-shaped,2992
2,L-shaped,3010
2,L-shaped,3016
2,L-shaped,3019
2,L-shaped,3023
2,L-shaped,3029
2,L-shaped,3033
2,L-shaped,3043
2,L-shaped,3046
2,L-shaped,3048
2,L-shaped,3060
2,L-shaped,3065
2,L-shaped,3067
2,L-shaped,3076
2,L-shaped,3096
2,L-shaped,3098
2,L-shaped,3142
2,L-shaped,3156
2,L-shaped,3168
2,L-shaped,3170
2,L-shaped,3183
2,L-shaped,3184
2,L-shaped,3188
2,L-shaped,3190
2,L-shaped,3202
2,L-shaped,3203
2,L-shaped,3205
2,L-shaped,3212
2,L-shaped,3217
2,L-shaped,3222
2,L-shaped,3225
2,L-shaped,3227
2,L-shaped,3233
2,L-shaped,3242
2,L-shaped,3259
2,L-shaped,3271
2,L-shaped,3281
2,L-shaped,3295
2,L-shaped,3332
2,L-shaped,3345
2,L-shaped,3353
2,L-shaped,3378
2,L-shaped,3388
2,L-shaped,3407
2,L-shaped,3414
2,L-shaped,3420
2,L-shaped,3434
2,L-shaped,3441
2,L-shaped,3452
2,L-shaped,3456
2,L-shaped,3458
2,L-shaped,3460
2,L-shaped,3464
2,L-shaped,3466
2,L-shaped,3476
2,L-shaped,3490
2,L-shaped,3501
2,L-shaped,3503
3,Line detector OGL,0050
3,Line detector OGL,0052
3,Line detector OGL,0107
3,Line detector OGL,0127
3,Line detector OGL,0133
3,Line detector OGL,0232
3,Line detector OGL,0238
3,Line detector OGL,0281
3,Line detector OGL,0309
3,Line detector OGL,0331
3,Line detector OGL,0354
3,Line detector OGL,0562
3,Line detector OGL,0566
3,Line detector OGL,0595
3,Line detector OGL,0603
3,Line detector OGL,0604
3,Line detector OGL,0614
3,Line detector OGL,0663
3,Line detector OGL,0667
3,Line detector OGL,0669
3,Line detector OGL,0676
3,Line detector OGL,0706
3,Line detector OGL,0712
3,Line detector OGL,0713
3,Line detector OGL,0774
3,Line detector OGL,0803
3,Line detector OGL,0807
3,Line detector OGL,0917
3,Line detector OGL,0921
3,Line detector OGL,0928
3,Line detector OGL,0958
3,Line detector OGL,0964
3,Line detector OGL,1015
3,Line detector OGL,1021
3,Line detector OGL,1111
3,Line detector OGL,1225
3,Line detector OGL,1229
3,Line detector OGL,1240
3,Line detector OGL,1282
3,Line detector OGL,1289
3,Line detector OGL,1290
3,Line detector OGL,1293
3,Line detector OGL,1303
4,Medium first order,0114
4,Medium first order,0124
4,Medium first order,0125
4,Medium first order,0134
4,Medium first order,0276
4,Medium first order,0289
4,Medium first order,0297
4,Medium first order,0327
4,Medium first order,0342
4,Medium first order,0348
4,Medium first order,0349
4,Medium first order,0364
4,Medium first order,0365
4,Medium first order,0381
4,Medium first order,0382
4,Medium first order,0385
4,Medium first order,0388
4,Medium first order,0417
4,Medium first order,0420
4,Medium first order,0423
4,Medium first order,0435
4,Medium first order,0632
4,Medium first order,0648
4,Medium first order,0662
4,Medium first order,0693
4,Medium first order,0700
4,Medium first order,0704
4,Medium first order,0709
4,Medium first order,0726
4,Medium first order,0734
4,Medium first order,0741
4,Medium first order,0747
4,Medium first order,0756
4,Medium first order,0766
4,Medium first order,0769
4,Medium first order,0778
4,Medium first order,0783
4,Medium first order,0792
4,Medium first order,0793
4,Medium first order,0794
4,Medium first order,0828
4,Medium first order,0950
4,Medium first order,0957
4,Medium first order,0961
4,Medium first order,1064
4,Medium first order,1083
4,Medium first order,1089
4,Medium first order,1092
4,Medium first order,1104
4,Medium first order,1106
4,Medium first order,1257
4,Medium first order,1263
4,Medium first order,1269
4,Medium first order,1272
4,Medium first order,1279
4,Medium first order,1280
4,Medium first order,1288
4,Medium first order,1291
5,Medulla projecting MP IGL,2196
5,Medulla projecting MP IGL,2970
5,Medulla projecting MP IGL,3392
6,Medulla projecting OGL,0959
7,Tangential IGL,1733
7,Tangential IGL,1740
7,Tangential IGL,1746
7,Tangential IGL,1747
7,Tangential IGL,1751
7,Tangential IGL,1768
7,Tangential IGL,1772
7,Tangential IGL,1778
7,Tangential IGL,1786
7,Tangential IGL,1818
7,Tangential IGL,2050
7,Tangential IGL,2061
7,Tangential IGL,2085
7,Tangential IGL,2480
7,Tangential IGL,2634
7,Tangential IGL,3387
8,Three-pronged,0137
8,Three-pronged,0211
8,Three-pronged,0230
8,Three-pronged,0237
8,Three-pronged,0576
8,Three-pronged,0615
8,Three-pronged,0621
8,Three-pronged,0629
8,Three-pronged,0641
8,Three-pronged,0926
8,Three-pronged,1033
8,Three-pronged,1185
8,Three-pronged,1211
9,U-shaped,1889
9,U-shaped,1891
9,U-shaped,1922
9,U-shaped,1948
9,U-shaped,1964
9,U-shaped,2144
9,U-shaped,2166
9,U-shaped,2177
9,U-shaped,2187
9,U-shaped,2206
9,U-shaped,2237
9,U-shaped,2287
9,U-shaped,2294
9,U-shaped,2300
9,U-shaped,2301
9,U-shaped,2305
9,U-shaped,2307
9,U-shaped,2595
9,U-shaped,2655
9,U-shaped,2734
9,U-shaped,2738
9,U-shaped,2767
9,U-shaped,2849
9,U-shaped,2850
9,U-shaped,2904
9,U-shaped,2919
9,U-shaped,2960
9,U-shaped,3018
9,U-shaped,3129
9,U-shaped,3148
9,U-shaped,3166
9,U-shaped,3209
9,U-shaped,3238
9,U-shaped,3344
9,U-shaped,3357
10,Unipolar plex-porjecting,1561
10,Unipolar plex-porjecting,1742
10,Unipolar plex-porjecting,1787
10,Unipolar plex-porjecting,1788
10,Unipolar plex-porjecting,1817
10,Unipolar plex-porjecting,1878
10,Unipolar plex-porjecting,1883
10,Unipolar plex-porjecting,1932
10,Unipolar plex-porjecting,1968
10,Unipolar plex-porjecting,2088
10,Unipolar plex-porjecting,2182
10,Unipolar plex-porjecting,2216
10,Unipolar plex-porjecting,2257
10,Unipolar plex-porjecting,2409
10,Unipolar plex-porjecting,2647
10,Unipolar plex-porjecting,2677
10,Unipolar plex-porjecting,2706
10,Unipolar plex-porjecting,2753
10,Unipolar plex-porjecting,2926
10,Unipolar plex-porjecting,2978
10,Unipolar plex-porjecting,3092
10,Unipolar plex-porjecting,3143
10,Unipolar plex-porjecting,3236
10,Unipolar plex-porjecting,3446
10,Unipolar plex-porjecting,3485
11,centrifugal,1615
11,centrifugal,1741
11,centrifugal,1767
11,centrifugal,1776
11,centrifugal,1793
11,centrifugal,1810
11,centrifugal,1853
11,centrifugal,1858
11,centrifugal,1917
11,centrifugal,1926
11,centrifugal,1940
11,centrifugal,2046
11,centrifugal,2089
11,centrifugal,2113
11,centrifugal,2167
11,centrifugal,2221
11,centrifugal,2231
11,centrifugal,2400
11,centrifugal,2505
11,centrifugal,2508
11,centrifugal,2556
11,centrifugal,2592
11,centrifugal,2657
11,centrifugal,2699
11,centrifugal,2890
11,centrifugal,2900
11,centrifugal,2905
11,centrifugal,2922
11,centrifugal,2946
11,centrifugal,2991
11,centrifugal,2996
11,centrifugal,3155
11,centrifugal,3174
11,centrifugal,3229
11,centrifugal,3375
11,centrifugal,3444
11,centrifugal,3454
12,large first order,0022
12,large first order,0633
12,large first order,0680
12,large first order,0742
12,large first order,0780
12,large first order,0809
12,large first order,0812
12,large first order,0842
12,large first order,0949
12,large first order,0960
12,large first order,0984
12,large first order,1109
12,large first order,1222
12,large first order,1253
12,large first order,1300
13,large palisade,1661
13,large palisade,1664
13,large palisade,1671
13,large palisade,1685
13,large palisade,1975
13,large palisade,1994
13,large palisade,2006
13,large palisade,2043
13,large palisade,2429
13,large palisade,2434
13,large palisade,2461
13,large palisade,2467
14,multipolar IGL,1636
14,multipolar IGL,2190
14,multipolar IGL,2266
14,multipolar IGL,2672
14,multipolar IGL,2789
14,multipolar IGL,2799
14,multipolar IGL,2986
14,multipolar IGL,3002
14,multipolar IGL,3006
14,multipolar IGL,3017
14,multipolar IGL,3082
14,multipolar IGL,3105
14,multipolar IGL,3140
14,multipolar IGL,3200
14,multipolar IGL,3228
14,multipolar IGL,3243
14,multipolar IGL,3363
14,multipolar IGL,3428
14,multipolar IGL,3480
14,multipolar IGL,3487
14,multipolar IGL,3498
15,palisade,1451
15,palisade,1455
15,palisade,1670
15,palisade,1673
15,palisade,1674
15,palisade,1683
15,palisade,1684
15,palisade,1686
15,palisade,1687
15,palisade,1690
15,palisade,1692
15,palisade,1694
15,palisade,1695
15,palisade,1696
15,palisade,1698
15,palisade,1720
15,palisade,1995
15,palisade,1996
15,palisade,2009
15,palisade,2018
15,palisade,2028
15,palisade,2450
15,palisade,2458
15,palisade,2464
15,palisade,2622
16,palisade with feet,1717
16,palisade with feet,2036
16,palisade with feet,2439
16,palisade with feet,2459
17,small U-shaped,1862
17,small U-shaped,1897
17,small U-shaped,1923
17,small U-shaped,2138
17,small U-shaped,2263
17,small U-shaped,2271
17,small U-shaped,2288
17,small U-shaped,2574
17,small U-shaped,2665
17,small U-shaped,2695
17,small U-shaped,2709
17,small U-shaped,2755
17,small U-shaped,2784
17,small U-shaped,2785
17,small U-shaped,2871
17,small U-shaped,2887
17,small U-shaped,2895
17,small U-shaped,2911
17,small U-shaped,2963
17,small U-shaped,3024
17,small U-shaped,3113
17,small U-shaped,3139
17,small U-shaped,3197
17,small U-shaped,3218
17,small U-shaped,3219
17,small U-shaped,3230
17,small U-shaped,3256
17,small U-shaped,3358
17,small U-shaped,3370
17,small U-shaped,3442
17,small U-shaped,3450
18,small first order,0026
18,small first order,0035
18,small first order,0037
18,small first order,0039
18,small first order,0058
18,small first order,0087
18,small first order,0090
18,small first order,0091
18,small first order,0094
18,small first order,0099
18,small first order,0102
18,small first order,0104
18,small first order,0120
18,small first order,0138
18,small first order,0214
18,small first order,0222
18,small first order,0244
18,small first order,0263
18,small first order,0269
18,small first order,0277
18,small first order,0280
18,small first order,0285
18,small first order,0288
18,small first order,0291
18,small first order,0295
18,small first order,0303
18,small first order,0304
18,small first order,0308
18,small first order,0310
18,small first order,0315
18,small first order,0321
18,small first order,0326
18,small first order,0328
18,small first order,0335
18,small first order,0343
18,small first order,0363
18,small first order,0373
18,small first order,0379
18,small first order,0403
18,small first order,0407
18,small first order,0415
18,small first order,0418
18,small first order,0421
18,small first order,0427
18,small first order,0430
18,small first order,0431
18,small first order,0438
18,small first order,0608
18,small first order,0618
18,small first order,0627
18,small first order,0631
18,small first order,0636
18,small first order,0646
18,small first order,0670
18,small first order,0683
18,small first order,0684
18,small first order,0685
18,small first order,0692
18,small first order,0703
18,small first order,0707
18,small first order,0708
18,small first order,0732
18,small first order,0733
18,small first order,0750
18,small first order,0754
18,small first order,0767
18,small first order,0773
18,small first order,0788
18,small first order,0791
18,small first order,0808
18,small first order,0825
18,small first order,0931
18,small first order,0932
18,small first order,0937
18,small first order,0941
18,small first order,0944
18,small first order,0955
18,small first order,0962
18,small first order,0965
18,small first order,0975
18,small first order,1014
18,small first order,1016
18,small first order,1023
18,small first order,1031
18,small first order,1035
18,small first order,1042
18,small first order,1048
18,small first order,1058
18,small first order,1067
18,small first order,1071
18,small first order,1073
18,small first order,1095
18,small first order,1103
18,small first order,1108
18,small first order,1113
18,small first order,1187
18,small first order,1191
18,small first order,1219
18,small first order,1221
18,small first order,1223
18,small first order,1224
18,small first order,1249
18,small first order,1262
18,small first order,1265
18,small first order,1276
18,small first order,1278
18,small first order,1285
19,Unclassified,0001
19,Unclassified,0002
19,Unclassified,0003
19,Unclassified,0004
19,Unclassified,0005
19,Unclassified,0006
19,Unclassified,0007
19,Unclassified,0008
19,Unclassified,0009
19,Unclassified,0010
19,Unclassified,0012
19,Unclassified,0013
19,Unclassified,0014
19,Unclassified,0015
19,Unclassified,0016
19,Unclassified,0017
19,Unclassified,0018
19,Unclassified,0019
19,Unclassified,0020
19,Unclassified,0021
19,Unclassified,0023
19,Unclassified,0024
19,Unclassified,0025
19,Unclassified,0027
19,Unclassified,0028
19,Unclassified,0029
19,Unclassified,0030
19,Unclassified,0031
19,Unclassified,0032
19,Unclassified,0033
19,Unclassified,0034
19,Unclassified,0036
19,Unclassified,0038
19,Unclassified,0040
19,Unclassified,0041
19,Unclassified,0042
19,Unclassified,0043
19,Unclassified,0044
19,Unclassified,0045
19,Unclassified,0046
19,Unclassified,0047
19,Unclassified,0048
19,Unclassified,0049
19,Unclassified,0051
19,Unclassified,0053
19,Unclassified,0054
19,Unclassified,0055
19,Unclassified,0056
19,Unclassified,0057
19,Unclassified,0059
19,Unclassified,0060
19,Unclassified,0061
19,Unclassified,0062
19,Unclassified,0063
19,Unclassified,0064
19,Unclassified,0065
19,Unclassified,0066
19,Unclassified,0067
19,Unclassified,0068
19,Unclassified,0069
19,Unclassified,0070
19,Unclassified,0071
19,Unclassified,0072
19,Unclassified,0073
19,Unclassified,0074
19,Unclassified,0075
19,Unclassified,0076
19,Unclassified,0077
19,Unclassified,0078
19,Unclassified,0079
19,Unclassified,0080
19,Unclassified,0081
19,Unclassified,0082
19,Unclassified,0083
19,Unclassified,0084
19,Unclassified,0085
19,Unclassified,0086
19,Unclassified,0088
19,Unclassified,0089
19,Unclassified,0092
19,Unclassified,0093
19,Unclassified,0095
19,Unclassified,0096
19,Unclassified,0097
19,Unclassified,0098
19,Unclassified,0100
19,Unclassified,0101
19,Unclassified,0103
19,Unclassified,0105
19,Unclassified,0106
19,Unclassified,0108
19,Unclassified,0109
19,Unclassified,0110
19,Unclassified,0111
19,Unclassified,0112
19,Unclassified,0113
19,Unclassified,0115
19,Unclassified,0116
19,Unclassified,0117
19,Unclassified,0118
19,Unclassified,0119
19,Unclassified,0121
19,Unclassified,0122
19,Unclassified,0123
19,Unclassified,0126
19,Unclassified,0128
19,Unclassified,0129
19,Unclassified,0130
19,Unclassified,0131
19,Unclassified,0132
19,Unclassified,0135
19,Unclassified,0136
19,Unclassified,0139
19,Unclassified,0140
19,Unclassified,0141
19,Unclassified,0142
19,Unclassified,0143
19,Unclassified,0144
19,Unclassified,0145
19,Unclassified,0146
19,Unclassified,0147
19,Unclassified,0148
19,Unclassified,0149
19,Unclassified,0150
19,Unclassified,0151
19,Unclassified,0152
19,Unclassified,0153
19,Unclassified,0154
19,Unclassified,0155
19,Unclassified,0156
19,Unclassified,0157
19,Unclassified,0158
19,Unclassified,0159
19,Unclassified,0160
19,Unclassified,0161
19,Unclassified,0162
19,Unclassified,0163
19,Unclassified,0164
19,Unclassified,0165
19,Unclassified,0166
19,Unclassified,0167
19,Unclassified,0168
19,Unclassified,0169
19,Unclassified,0170
19,Unclassified,0171
19,Unclassified,0172
19,Unclassified,0173
19,Unclassified,0174
19,Unclassified,0175
19,Unclassified,0176
19,Unclassified,0177
19,Unclassified,0178
19,Unclassified,0179
19,Unclassified,0180
19,Unclassified,0181
19,Unclassified,0182
19,Unclassified,0183
19,Unclassified,0184
19,Unclassified,0185
19,Unclassified,0186
19,Unclassified,0187
19,Unclassified,0188
19,Unclassified,0189
19,Unclassified,0190
19,Unclassified,0191
19,Unclassified,0192
19,Unclassified,0193
19,Unclassified,0194
19,Unclassified,0195
19,Unclassified,0196
19,Unclassified,0197
19,Unclassified,0198
19,Unclassified,0199
19,Unclassified,0200
19,Unclassified,0201
19,Unclassified,0202
19,Unclassified,0203
19,Unclassified,0204
19,Unclassified,0205
19,Unclassified,0206
19,Unclassified,0207
19,Unclassified,0208
19,Unclassified,0209
19,Unclassified,0210
19,Unclassified,0212
19,Unclassified,0213
19,Unclassified,0215
19,Unclassified,0216
19,Unclassified,0217
19,Unclassified,0218
19,Unclassified,0219
19,Unclassified,0220
19,Unclassified,0221
19,Unclassified,0223
19,Unclassified,0224
19,Unclassified,0225
19,Unclassified,0226
19,Unclassified,0227
19,Unclassified,0228
19,Unclassified,0229
19,Unclassified,0231
19,Unclassified,0233
19,Unclassified,0234
19,Unclassified,0235
19,Unclassified,0236
19,Unclassified,0239
19,Unclassified,0240
19,Unclassified,0241
19,Unclassified,0242
19,Unclassified,0243
19,Unclassified,0245
19,Unclassified,0246
19,Unclassified,0247
19,Unclassified,0248
19,Unclassified,0249
19,Unclassified,0250
19,Unclassified,0251
19,Unclassified,0252
19,Unclassified,0253
19,Unclassified,0254
19,Unclassified,0255
19,Unclassified,0256
19,Unclassified,0257
19,Unclassified,0258
19,Unclassified,0259
19,Unclassified,0260
19,Unclassified,0261
19,Unclassified,0262
19,Unclassified,0264
19,Unclassified,0265
19,Unclassified,0266
19,Unclassified,0267
19,Unclassified,0268
19,Unclassified,0270
19,Unclassified,0271
19,Unclassified,0272
19,Unclassified,0273
19,Unclassified,0274
19,Unclassified,0275
19,Unclassified,0278
19,Unclassified,0279
19,Unclassified,0282
19,Unclassified,0283
19,Unclassified,0284
19,Unclassified,0286
19,Unclassified,0287
19,Unclassified,0290
19,Unclassified,0292
19,Unclassified,0293
19,Unclassified,0294
19,Unclassified,0296
19,Unclassified,0298
19,Unclassified,0299
19,Unclassified,0300
19,Unclassified,0301
19,Unclassified,0302
19,Unclassified,0305
19,Unclassified,0306
19,Unclassified,0307
19,Unclassified,0311
19,Unclassified,0312
19,Unclassified,0313
19,Unclassified,0314
19,Unclassified,0316
19,Unclassified,0317
19,Unclassified,0318
19,Unclassified,0319
19,Unclassified,0320
19,Unclassified,0322
19,Unclassified,0323
19,Unclassified,0324
19,Unclassified,0325
19,Unclassified,0329
19,Unclassified,0330
19,Unclassified,0332
19,Unclassified,0333
19,Unclassified,0334
19,Unclassified,0336
19,Unclassified,0337
19,Unclassified,0338
19,Unclassified,0339
19,Unclassified,0340
19,Unclassified,0341
19,Unclassified,0344
19,Unclassified,0345
19,Unclassified,0346
19,Unclassified,0347
19,Unclassified,0350
19,Unclassified,0351
19,Unclassified,0352
19,Unclassified,0353
19,Unclassified,0355
19,Unclassified,0356
19,Unclassified,0357
19,Unclassified,0358
19,Unclassified,0359
19,Unclassified,0360
19,Unclassified,0361
19,Unclassified,0362
19,Unclassified,0366
19,Unclassified,0367
19,Unclassified,0368
19,Unclassified,0369
19,Unclassified,0370
19,Unclassified,0371
19,Unclassified,0372
19,Unclassified,0374
19,Unclassified,0375
19,Unclassified,0376
19,Unclassified,0377
19,Unclassified,0378
19,Unclassified,0380
19,Unclassified,0383
19,Unclassified,0384
19,Unclassified,0386
19,Unclassified,0387
19,Unclassified,0389
19,Unclassified,0390
19,Unclassified,0391
19,Unclassified,0392
19,Unclassified,0393
19,Unclassified,0394
19,Unclassified,0395
19,Unclassified,0396
19,Unclassified,0397
19,Unclassified,0398
19,Unclassified,0399
19,Unclassified,0400
19,Unclassified,0401
19,Unclassified,0402
19,Unclassified,0404
19,Unclassified,0405
19,Unclassified,0406
19,Unclassified,0408
19,Unclassified,0409
19,Unclassified,0410
19,Unclassified,0411
19,Unclassified,0412
19,Unclassified,0413
19,Unclassified,0414
19,Unclassified,0416
19,Unclassified,0419
19,Unclassified,0422
19,Unclassified,0424
19,Unclassified,0425
19,Unclassified,0426
19,Unclassified,0428
19,Unclassified,0429
19,Unclassified,0432
19,Unclassified,0433
19,Unclassified,0434
19,Unclassified,0436
19,Unclassified,0437
19,Unclassified,0439
19,Unclassified,0440
19,Unclassified,0441
19,Unclassified,0442
19,Unclassified,0443
19,Unclassified,0444
19,Unclassified,0445
19,Unclassified,0446
19,Unclassified,0447
19,Unclassified,0448
19,Unclassified,0449
19,Unclassified,0450
19,Unclassified,0451
19,Unclassified,0452
19,Unclassified,0453
19,Unclassified,0454
19,Unclassified,0455
19,Unclassified,0456
19,Unclassified,0457
19,Unclassified,0458
19,Unclassified,0459
19,Unclassified,0460
19,Unclassified,0461
19,Unclassified,0462
19,Unclassified,0463
19,Unclassified,0464
19,Unclassified,0465
19,Unclassified,0466
19,Unclassified,0467
19,Unclassified,0468
19,Unclassified,0469
19,Unclassified,0470
19,Unclassified,0471
19,Unclassified,0472
19,Unclassified,0473
19,Unclassified,0474
19,Unclassified,0475
19,Unclassified,0476
19,Unclassified,0477
19,Unclassified,0478
19,Unclassified,0479
19,Unclassified,0480
19,Unclassified,0481
19,Unclassified,0482
19,Unclassified,0483
19,Unclassified,0484
19,Unclassified,0485
19,Unclassified,0486
19,Unclassified,0487
19,Unclassified,0488
19,Unclassified,0489
19,Unclassified,0490
19,Unclassified,0491
19,Unclassified,0492
19,Unclassified,0493
19,Unclassified,0494
19,Unclassified,0495
19,Unclassified,0496
19,Unclassified,0497
19,Unclassified,0498
19,Unclassified,0499
19,Unclassified,0500
19,Unclassified,0501
19,Unclassified,0502
19,Unclassified,0503
19,Unclassified,0504
19,Unclassified,0505
19,Unclassified,0506
19,Unclassified,0507
19,Unclassified,0508
19,Unclassified,0509
19,Unclassified,0510
19,Unclassified,0511
19,Unclassified,0512
19,Unclassified,0513
19,Unclassified,0514
19,Unclassified,0515
19,Unclassified,0516
19,Unclassified,0517
19,Unclassified,0518
19,Unclassified,0519
19,Unclassified,0520
19,Unclassified,0521
19,Unclassified,0522
19,Unclassified,0523
19,Unclassified,0524
19,Unclassified,0525
19,Unclassified,0526
19,Unclassified,0527
19,Unclassified,0528
19,Unclassified,0529
19,Unclassified,0530
19,Unclassified,0531
19,Unclassified,0532
19,Unclassified,0533
19,Unclassified,0534
19,Unclassified,0535
19,Unclassified,0536
19,Unclassified,0537
19,Unclassified,0538
19,Unclassified,0539
19,Unclassified,0540
19,Unclassified,0541
19,Unclassified,0542
19,Unclassified,0543
19,Unclassified,0544
19,Unclassified,0545
19,Unclassified,0546
19,Unclassified,0547
19,Unclassified,0548
19,Unclassified,0549
19,Unclassified,0550
19,Unclassified,0551
19,Unclassified,0552
19,Unclassified,0553
19,Unclassified,0554
19,Unclassified,0555
19,Unclassified,0556
19,Unclassified,0557
19,Unclassified,0558
19,Unclassified,0559
19,Unclassified,0560
19,Unclassified,0561
19,Unclassified,0563
19,Unclassified,0564
19,Unclassified,0565
19,Unclassified,0567
19,Unclassified,0568
19,Unclassified,0569
19,Unclassified,0570
19,Unclassified,0571
19,Unclassified,0572
19,Unclassified,0573
19,Unclassified,0574
19,Unclassified,0575
19,Unclassified,0577
19,Unclassified,0578
19,Unclassified,0579
19,Unclassified,0580
19,Unclassified,0581
19,Unclassified,0582
19,Unclassified,0583
19,Unclassified,0584
19,Unclassified,0585
19,Unclassified,0586
19,Unclassified,0587
19,Unclassified,0588
19,Unclassified,0589
19,Unclassified,0590
19,Unclassified,0591
19,Unclassified,0592
19,Unclassified,0593
19,Unclassified,0594
19,Unclassified,0596
19,Unclassified,0597
19,Unclassified,0598
19,Unclassified,0599
19,Unclassified,0600
19,Unclassified,0601
19,Unclassified,0602
19,Unclassified,0605
19,Unclassified,0606
19,Unclassified,0607
19,Unclassified,0609
19,Unclassified,0610
19,Unclassified,0611
19,Unclassified,0612
19,Unclassified,0613
19,Unclassified,0616
19,Unclassified,0617
19,Unclassified,0619
19,Unclassified,0620
19,Unclassified,0622
19,Unclassified,0623
19,Unclassified,0624
19,Unclassified,0625
19,Unclassified,0626
19,Unclassified,0628
19,Unclassified,0630
19,Unclassified,0634
19,Unclassified,0635
19,Unclassified,0637
19,Unclassified,0638
19,Unclassified,0639
19,Unclassified,0640
19,Unclassified,0642
19,Unclassified,0643
19,Unclassified,0644
19,Unclassified,0645
19,Unclassified,0647
19,Unclassified,0649
19,Unclassified,0650
19,Unclassified,0651
19,Unclassified,0652
19,Unclassified,0653
19,Unclassified,0654
19,Unclassified,0655
19,Unclassified,0656
19,Unclassified,0657
19,Unclassified,0658
19,Unclassified,0659
19,Unclassified,0660
19,Unclassified,0661
19,Unclassified,0664
19,Unclassified,0665
19,Unclassified,0666
19,Unclassified,0668
19,Unclassified,0671
19,Unclassified,0672
19,Unclassified,0673
19,Unclassified,0674
19,Unclassified,0675
19,Unclassified,0677
19,Unclassified,0678
19,Unclassified,0679
19,Unclassified,0681
19,Unclassified,0682
19,Unclassified,0686
19,Unclassified,0687
19,Unclassified,0688
19,Unclassified,0689
19,Unclassified,0690
19,Unclassified,0691
19,Unclassified,0694
19,Unclassified,0695
19,Unclassified,0696
19,Unclassified,0697
19,Unclassified,0698
19,Unclassified,0699
19,Unclassified,0701
19,Unclassified,0702
19,Unclassified,0705
19,Unclassified,0710
19,Unclassified,0711
19,Unclassified,0714
19,Unclassified,0715
19,Unclassified,0716
19,Unclassified,0717
19,Unclassified,0718
19,Unclassified,0719
19,Unclassified,0720
19,Unclassified,0721
19,Unclassified,0722
19,Unclassified,0723
19,Unclassified,0724
19,Unclassified,0725
19,Unclassified,0727
19,Unclassified,0728
19,Unclassified,0729
19,Unclassified,0730
19,Unclassified,0731
19,Unclassified,0735
19,Unclassified,0736
19,Unclassified,0737
19,Unclassified,0738
19,Unclassified,0739
19,Unclassified,0740
19,Unclassified,0743
19,Unclassified,0744
19,Unclassified,0745
19,Unclassified,0746
19,Unclassified,0748
19,Unclassified,0749
19,Unclassified,0751
19,Unclassified,0752
19,Unclassified,0753
19,Unclassified,0755
19,Unclassified,0757
19,Unclassified,0758
19,Unclassified,0759
19,Unclassified,0760
19,Unclassified,0761
19,Unclassified,0762
19,Unclassified,0763
19,Unclassified,0764
19,Unclassified,0765
19,Unclassified,0768
19,Unclassified,0770
19,Unclassified,0771
19,Unclassified,0772
19,Unclassified,0775
19,Unclassified,0776
19,Unclassified,0777
19,Unclassified,0779
19,Unclassified,0781
19,Unclassified,0782
19,Unclassified,0784
19,Unclassified,0785
19,Unclassified,0786
19,Unclassified,0787
19,Unclassified,0789
19,Unclassified,0790
19,Unclassified,0795
19,Unclassified,0796
19,Unclassified,0797
19,Unclassified,0798
19,Unclassified,0799
19,Unclassified,0800
19,Unclassified,0801
19,Unclassified,0802
19,Unclassified,0804
19,Unclassified,0805
19,Unclassified,0806
19,Unclassified,0810
19,Unclassified,0811
19,Unclassified,0813
19,Unclassified,0814
19,Unclassified,0815
19,Unclassified,0816
19,Unclassified,0817
19,Unclassified,0818
19,Unclassified,0819
19,Unclassified,0820
19,Unclassified,0821
19,Unclassified,0822
19,Unclassified,0823
19,Unclassified,0824
19,Unclassified,0826
19,Unclassified,0827
19,Unclassified,0829
19,Unclassified,0830
19,Unclassified,0831
19,Unclassified,0832
19,Unclassified,0833
19,Unclassified,0834
19,Unclassified,0835
19,Unclassified,0836
19,Unclassified,0837
19,Unclassified,0838
19,Unclassified,0839
19,Unclassified,0840
19,Unclassified,0841
19,Unclassified,0843
19,Unclassified,0844
19,Unclassified,0845
19,Unclassified,0846
19,Unclassified,0847
19,Unclassified,0848
19,Unclassified,0849
19,Unclassified,0850
19,Unclassified,0851
19,Unclassified,0852
19,Unclassified,0853
19,Unclassified,0854
19,Unclassified,0855
19,Unclassified,0856
19,Unclassified,0857
19,Unclassified,0858
19,Unclassified,0859
19,Unclassified,0860
19,Unclassified,0861
19,Unclassified,0862
19,Unclassified,0863
19,Unclassified,0864
19,Unclassified,0865
19,Unclassified,0866
19,Unclassified,0867
19,Unclassified,0868
19,Unclassified,0869
19,Unclassified,0870
19,Unclassified,0871
19,Unclassified,0872
19,Unclassified,0873
19,Unclassified,0874
19,Unclassified,0875
19,Unclassified,0876
19,Unclassified,0877
19,Unclassified,0878
19,Unclassified,0879
19,Unclassified,0880
19,Unclassified,0881
19,Unclassified,0882
19,Unclassified,0883
19,Unclassified,0884
19,Unclassified,0885
19,Unclassified,0886
19,Unclassified,0887
19,Unclassified,0888
19,Unclassified,0889
19,Unclassified,0890
19,Unclassified,0891
19,Unclassified,0892
19,Unclassified,0893
19,Unclassified,0894
19,Unclassified,0895
19,Unclassified,0896
19,Unclassified,0897
19,Unclassified,0898
19,Unclassified,0899
19,Unclassified,0900
19,Unclassified,0901
19,Unclassified,0902
19,Unclassified,0903
19,Unclassified,0904
19,Unclassified,0905
19,Unclassified,0906
19,Unclassified,0907
19,Unclassified,0908
19,Unclassified,0909
19,Unclassified,0910
19,Unclassified,0911
19,Unclassified,0912
19,Unclassified,0913
19,Unclassified,0914
19,Unclassified,0915
19,Unclassified,0916
19,Unclassified,0918
19,Unclassified,0919
19,Unclassified,0920
19,Unclassified,0922
19,Unclassified,0923
19,Unclassified,0924
19,Unclassified,0925
19,Unclassified,0927
19,Unclassified,0929
19,Unclassified,0930
19,Unclassified,0933
19,Unclassified,0934
19,Unclassified,0935
19,Unclassified,0936
19,Unclassified,0938
19,Unclassified,0939
19,Unclassified,0940
19,Unclassified,0942
19,Unclassified,0943
19,Unclassified,0945
19,Unclassified,0946
19,Unclassified,0947
19,Unclassified,0948
19,Unclassified,0951
19,Unclassified,0952
19,Unclassified,0953
19,Unclassified,0954
19,Unclassified,0956
19,Unclassified,0963
19,Unclassified,0966
19,Unclassified,0967
19,Unclassified,0968
19,Unclassified,0969
19,Unclassified,0970
19,Unclassified,0971
19,Unclassified,0972
19,Unclassified,0973
19,Unclassified,0974
19,Unclassified,0976
19,Unclassified,0977
19,Unclassified,0978
19,Unclassified,0979
19,Unclassified,0980
19,Unclassified,0981
19,Unclassified,0982
19,Unclassified,0983
19,Unclassified,0985
19,Unclassified,0986
19,Unclassified,0987
19,Unclassified,0988
19,Unclassified,0989
19,Unclassified,0990
19,Unclassified,0991
19,Unclassified,0992
19,Unclassified,0993
19,Unclassified,0994
19,Unclassified,0995
19,Unclassified,0996
19,Unclassified,0997
19,Unclassified,0998
19,Unclassified,0999
19,Unclassified,1000
19,Unclassified,1001
19,Unclassified,1002
19,Unclassified,1003
19,Unclassified,1004
19,Unclassified,1005
19,Unclassified,1006
19,Unclassified,1007
19,Unclassified,1008
19,Unclassified,1009
19,Unclassified,1010
19,Unclassified,1011
19,Unclassified,1012
19,Unclassified,1013
19,Unclassified,1017
19,Unclassified,1018
19,Unclassified,1019
19,Unclassified,1020
19,Unclassified,1022
19,Unclassified,1024
19,Unclassified,1025
19,Unclassified,1026
19,Unclassified,1027
19,Unclassified,1028
19,Unclassified,1029
19,Unclassified,1030
19,Unclassified,1032
19,Unclassified,1034
19,Unclassified,1036
19,Unclassified,1037
19,Unclassified,1038
19,Unclassified,1039
19,Unclassified,1040
19,Unclassified,1041
19,Unclassified,1043
19,Unclassified,1044
19,Unclassified,1045
19,Unclassified,1046
19,Unclassified,1047
19,Unclassified,1049
19,Unclassified,1050
19,Unclassified,1051
19,Unclassified,1052
19,Unclassified,1053
19,Unclassified,1054
19,Unclassified,1055
19,Unclassified,1056
19,Unclassified,1057
19,Unclassified,1059
19,Unclassified,1060
19,Unclassified,1061
19,Unclassified,1062
19,Unclassified,1063
19,Unclassified,1065
19,Unclassified,1066
19,Unclassified,1068
19,Unclassified,1069
19,Unclassified,1070
19,Unclassified,1072
19,Unclassified,1074
19,Unclassified,1075
19,Unclassified,1076
19,Unclassified,1077
19,Unclassified,1078
19,Unclassified,1079
19,Unclassified,1080
19,Unclassified,1081
19,Unclassified,1082
19,Unclassified,1084
19,Unclassified,1085
19,Unclassified,1086
19,Unclassified,1087
19,Unclassified,1088
19,Unclassified,1090
19,Unclassified,1091
19,Unclassified,1093
19,Unclassified,1094
19,Unclassified,1096
19,Unclassified,1097
19,Unclassified,1098
19,Unclassified,1099
19,Unclassified,1100
19,Unclassified,1101
19,Unclassified,1102
19,Unclassified,1105
19,Unclassified,1107
19,Unclassified,1110
19,Unclassified,1112
19,Unclassified,1114
19,Unclassified,1115
19,Unclassified,1116
19,Unclassified,1117
19,Unclassified,1118
19,Unclassified,1119
19,Unclassified,1120
19,Unclassified,1121
19,Unclassified,1122
19,Unclassified,1123
19,Unclassified,1124
19,Unclassified,1125
19,Unclassified,1126
19,Unclassified,1127
19,Unclassified,1128
19,Unclassified,1129
19,Unclassified,1130
19,Unclassified,1131
19,Unclassified,1132
19,Unclassified,1133
19,Unclassified,1134
19,Unclassified,1135
19,Unclassified,1136
19,Unclassified,1137
19,Unclassified,1138
19,Unclassified,1139
19,Unclassified,1140
19,Unclassified,1141
19,Unclassified,1142
19,Unclassified,1143
19,Unclassified,1144
19,Unclassified,1145
19,Unclassified,1146
19,Unclassified,1147
19,Unclassified,1148
19,Unclassified,1149
19,Unclassified,1150
19,Unclassified,1151
19,Unclassified,1152
19,Unclassified,1153
19,Unclassified,1154
19,Unclassified,1155
19,Unclassified,1156
19,Unclassified,1157
19,Unclassified,1158
19,Unclassified,1159
19,Unclassified,1160
19,Unclassified,1161
19,Unclassified,1162
19,Unclassified,1163
19,Unclassified,1164
19,Unclassified,1165
19,Unclassified,1166
19,Unclassified,1167
19,Unclassified,1168
19,Unclassified,1169
19,Unclassified,1170
19,Unclassified,1171
19,Unclassified,1172
19,Unclassified,1173
19,Unclassified,1174
19,Unclassified,1175
19,Unclassified,1176
19,Unclassified,1177
19,Unclassified,1178
19,Unclassified,1179
19,Unclassified,1180
19,Unclassified,1181
19,Unclassified,1182
19,Unclassified,1183
19,Unclassified,1184
19,Unclassified,1186
19,Unclassified,1188
19,Unclassified,1189
19,Unclassified,1190
19,Unclassified,1192
19,Unclassified,1193
19,Unclassified,1194
19,Unclassified,1195
19,Unclassified,1196
19,Unclassified,1197
19,Unclassified,1198
19,Unclassified,1199
19,Unclassified,1200
19,Unclassified,1201
19,Unclassified,1202
19,Unclassified,1203
19,Unclassified,1204
19,Unclassified,1205
19,Unclassified,1206
19,Unclassified,1207
19,Unclassified,1208
19,Unclassified,1209
19,Unclassified,1210
19,Unclassified,1212
19,Unclassified,1213
19,Unclassified,1214
19,Unclassified,1215
19,Unclassified,1216
19,Unclassified,1217
19,Unclassified,1218
19,Unclassified,1220
19,Unclassified,1226
19,Unclassified,1227
19,Unclassified,1228
19,Unclassified,1230
19,Unclassified,1231
19,Unclassified,1232
19,Unclassified,1233
19,Unclassified,1234
19,Unclassified,1235
19,Unclassified,1236
19,Unclassified,1237
19,Unclassified,1238
19,Unclassified,1239
19,Unclassified,1241
19,Unclassified,1242
19,Unclassified,1243
19,Unclassified,1244
19,Unclassified,1245
19,Unclassified,1246
19,Unclassified,1247
19,Unclassified,1248
19,Unclassified,1250
19,Unclassified,1251
19,Unclassified,1252
19,Unclassified,1254
19,Unclassified,1255
19,Unclassified,1256
19,Unclassified,1258
19,Unclassified,1259
19,Unclassified,1260
19,Unclassified,1261
19,Unclassified,1264
19,Unclassified,1266
19,Unclassified,1267
19,Unclassified,1268
19,Unclassified,1270
19,Unclassified,1271
19,Unclassified,1273
19,Unclassified,1274
19,Unclassified,1275
19,Unclassified,1277
19,Unclassified,1281
19,Unclassified,1283
19,Unclassified,1284
19,Unclassified,1286
19,Unclassified,1287
19,Unclassified,1292
19,Unclassified,1294
19,Unclassified,1295
19,Unclassified,1296
19,Unclassified,1297
19,Unclassified,1298
19,Unclassified,1299
19,Unclassified,1301
19,Unclassified,1302
19,Unclassified,1304
19,Unclassified,1305
19,Unclassified,1306
19,Unclassified,1307
19,Unclassified,1308
19,Unclassified,1309
19,Unclassified,1310
19,Unclassified,1311
19,Unclassified,1312
19,Unclassified,1313
19,Unclassified,1314
19,Unclassified,1315
19,Unclassified,1316
19,Unclassified,1317
19,Unclassified,1318
19,Unclassified,1319
19,Unclassified,1320
19,Unclassified,1321
19,Unclassified,1322
19,Unclassified,1323
19,Unclassified,1324
19,Unclassified,1325
19,Unclassified,1326
19,Unclassified,1327
19,Unclassified,1328
19,Unclassified,1329
19,Unclassified,1330
19,Unclassified,1331
19,Unclassified,1332
19,Unclassified,1333
19,Unclassified,1334
19,Unclassified,1335
19,Unclassified,1336
19,Unclassified,1337
19,Unclassified,1338
19,Unclassified,1339
19,Unclassified,1340
19,Unclassified,1341
19,Unclassified,1342
19,Unclassified,1343
19,Unclassified,1344
19,Unclassified,1345
19,Unclassified,1346
19,Unclassified,1347
19,Unclassified,1348
19,Unclassified,1349
19,Unclassified,1350
19,Unclassified,1351
19,Unclassified,1352
19,Unclassified,1353
19,Unclassified,1354
19,Unclassified,1355
19,Unclassified,1356
19,Unclassified,1357
19,Unclassified,1358
19,Unclassified,1359
19,Unclassified,1360
19,Unclassified,1361
19,Unclassified,1362
19,Unclassified,1363
19,Unclassified,1364
19,Unclassified,1365
19,Unclassified,1366
19,Unclassified,1367
19,Unclassified,1368
19,Unclassified,1369
19,Unclassified,1370
19,Unclassified,1371
19,Unclassified,1372
19,Unclassified,1373
19,Unclassified,1374
19,Unclassified,1375
19,Unclassified,1376
19,Unclassified,1377
19,Unclassified,1378
19,Unclassified,1379
19,Unclassified,1380
19,Unclassified,1381
19,Unclassified,1382
19,Unclassified,1383
19,Unclassified,1384
19,Unclassified,1385
19,Unclassified,1386
19,Unclassified,1387
19,Unclassified,1388
19,Unclassified,1389
19,Unclassified,1390
19,Unclassified,1391
19,Unclassified,1392
19,Unclassified,1393
19,Unclassified,1394
19,Unclassified,1395
19,Unclassified,1396
19,Unclassified,1397
19,Unclassified,1398
19,Unclassified,1399
19,Unclassified,1400
19,Unclassified,1401
19,Unclassified,1402
19,Unclassified,1403
19,Unclassified,1404
19,Unclassified,1405
19,Unclassified,1406
19,Unclassified,1407
19,Unclassified,1408
19,Unclassified,1409
19,Unclassified,1410
19,Unclassified,1411
19,Unclassified,1412
19,Unclassified,1413
19,Unclassified,1414
19,Unclassified,1415
19,Unclassified,1416
19,Unclassified,1417
19,Unclassified,1418
19,Unclassified,1419
19,Unclassified,1420
19,Unclassified,1421
19,Unclassified,1422
19,Unclassified,1423
19,Unclassified,1424
19,Unclassified,1425
19,Unclassified,1426
19,Unclassified,1427
19,Unclassified,1428
19,Unclassified,1429
19,Unclassified,1430
19,Unclassified,1431
19,Unclassified,1432
19,Unclassified,1433
19,Unclassified,1434
19,Unclassified,1435
19,Unclassified,1436
19,Unclassified,1437
19,Unclassified,1438
19,Unclassified,1439
19,Unclassified,1440
19,Unclassified,1441
19,Unclassified,1442
19,Unclassified,1443
19,Unclassified,1444
19,Unclassified,1445
19,Unclassified,1446
19,Unclassified,1447
19,Unclassified,1448
19,Unclassified,1449
19,Unclassified,1450
19,Unclassified,1452
19,Unclassified,1453
19,Unclassified,1454
19,Unclassified,1456
19,Unclassified,1457
19,Unclassified,1458
19,Unclassified,1459
19,Unclassified,1460
19,Unclassified,1461
19,Unclassified,1462
19,Unclassified,1463
19,Unclassified,1464
19,Unclassified,1465
19,Unclassified,1466
19,Unclassified,1467
19,Unclassified,1468
19,Unclassified,1469
19,Unclassified,1470
19,Unclassified,1471
19,Unclassified,1472
19,Unclassified,1473
19,Unclassified,1474
19,Unclassified,1475
19,Unclassified,1476
19,Unclassified,1477
19,Unclassified,1478
19,Unclassified,1479
19,Unclassified,1480
19,Unclassified,1481
19,Unclassified,1482
19,Unclassified,1483
19,Unclassified,1484
19,Unclassified,1485
19,Unclassified,1486
19,Unclassified,1487
19,Unclassified,1488
19,Unclassified,1489
19,Unclassified,1490
19,Unclassified,1491
19,Unclassified,1492
19,Unclassified,1493
19,Unclassified,1494
19,Unclassified,1495
19,Unclassified,1496
19,Unclassified,1497
19,Unclassified,1498
19,Unclassified,1499
19,Unclassified,1500
19,Unclassified,1501
19,Unclassified,1502
19,Unclassified,1503
19,Unclassified,1504
19,Unclassified,1505
19,Unclassified,1506
19,Unclassified,1507
19,Unclassified,1508
19,Unclassified,1509
19,Unclassified,1510
19,Unclassified,1511
19,Unclassified,1512
19,Unclassified,1513
19,Unclassified,1514
19,Unclassified,1516
19,Unclassified,1517
19,Unclassified,1518
19,Unclassified,1519
19,Unclassified,1520
19,Unclassified,1521
19,Unclassified,1522
19,Unclassified,1523
19,Unclassified,1524
19,Unclassified,1525
19,Unclassified,1526
19,Unclassified,1527
19,Unclassified,1528
19,Unclassified,1529
19,Unclassified,1530
19,Unclassified,1531
19,Unclassified,1532
19,Unclassified,1533
19,Unclassified,1534
19,Unclassified,1535
19,Unclassified,1536
19,Unclassified,1537
19,Unclassified,1538
19,Unclassified,1539
19,Unclassified,1540
19,Unclassified,1541
19,Unclassified,1542
19,Unclassified,1544
19,Unclassified,1545
19,Unclassified,1546
19,Unclassified,1547
19,Unclassified,1548
19,Unclassified,1549
19,Unclassified,1550
19,Unclassified,1551
19,Unclassified,1552
19,Unclassified,1553
19,Unclassified,1554
19,Unclassified,1555
19,Unclassified,1556
19,Unclassified,1557
19,Unclassified,1558
19,Unclassified,1559
19,Unclassified,1560
19,Unclassified,1562
19,Unclassified,1563
19,Unclassified,1564
19,Unclassified,1565
19,Unclassified,1566
19,Unclassified,1567
19,Unclassified,1568
19,Unclassified,1569
19,Unclassified,1570
19,Unclassified,1571
19,Unclassified,1572
19,Unclassified,1573
19,Unclassified,1574
19,Unclassified,1575
19,Unclassified,1576
19,Unclassified,1577
19,Unclassified,1578
19,Unclassified,1579
19,Unclassified,1580
19,Unclassified,1581
19,Unclassified,1582
19,Unclassified,1583
19,Unclassified,1584
19,Unclassified,1585
19,Unclassified,1586
19,Unclassified,1587
19,Unclassified,1588
19,Unclassified,1589
19,Unclassified,1590
19,Unclassified,1591
19,Unclassified,1592
19,Unclassified,1593
19,Unclassified,1595
19,Unclassified,1596
19,Unclassified,1597
19,Unclassified,1598
19,Unclassified,1599
19,Unclassified,1600
19,Unclassified,1601
19,Unclassified,1602
19,Unclassified,1603
19,Unclassified,1604
19,Unclassified,1605
19,Unclassified,1606
19,Unclassified,1607
19,Unclassified,1608
19,Unclassified,1609
19,Unclassified,1610
19,Unclassified,1611
19,Unclassified,1612
19,Unclassified,1613
19,Unclassified,1614
19,Unclassified,1616
19,Unclassified,1617
19,Unclassified,1618
19,Unclassified,1619
19,Unclassified,1620
19,Unclassified,1621
19,Unclassified,1622
19,Unclassified,1623
19,Unclassified,1624
19,Unclassified,1625
19,Unclassified,1626
19,Unclassified,1627
19,Unclassified,1628
19,Unclassified,1629
19,Unclassified,1630
19,Unclassified,1631
19,Unclassified,1632
19,Unclassified,1633
19,Unclassified,1634
19,Unclassified,1637
19,Unclassified,1638
19,Unclassified,1639
19,Unclassified,1640
19,Unclassified,1641
19,Unclassified,1642
19,Unclassified,1643
19,Unclassified,1644
19,Unclassified,1645
19,Unclassified,1646
19,Unclassified,1647
19,Unclassified,1648
19,Unclassified,1649
19,Unclassified,1650
19,Unclassified,1651
19,Unclassified,1652
19,Unclassified,1653
19,Unclassified,1654
19,Unclassified,1655
19,Unclassified,1656
19,Unclassified,1657
19,Unclassified,1658
19,Unclassified,1659
19,Unclassified,1660
19,Unclassified,1662
19,Unclassified,1663
19,Unclassified,1665
19,Unclassified,1666
19,Unclassified,1667
19,Unclassified,1668
19,Unclassified,1669
19,Unclassified,1672
19,Unclassified,1675
19,Unclassified,1676
19,Unclassified,1677
19,Unclassified,1678
19,Unclassified,1679
19,Unclassified,1680
19,Unclassified,1681
19,Unclassified,1682
19,Unclassified,1688
19,Unclassified,1689
19,Unclassified,1691
19,Unclassified,1693
19,Unclassified,1697
19,Unclassified,1699
19,Unclassified,1700
19,Unclassified,1701
19,Unclassified,1702
19,Unclassified,1703
19,Unclassified,1704
19,Unclassified,1705
19,Unclassified,1706
19,Unclassified,1707
19,Unclassified,1708
19,Unclassified,1709
19,Unclassified,1710
19,Unclassified,1711
19,Unclassified,1712
19,Unclassified,1713
19,Unclassified,1714
19,Unclassified,1715
19,Unclassified,1716
19,Unclassified,1718
19,Unclassified,1719
19,Unclassified,1721
19,Unclassified,1722
19,Unclassified,1723
19,Unclassified,1724
19,Unclassified,1725
19,Unclassified,1726
19,Unclassified,1727
19,Unclassified,1728
19,Unclassified,1729
19,Unclassified,1730
19,Unclassified,1731
19,Unclassified,1732
19,Unclassified,1734
19,Unclassified,1735
19,Unclassified,1736
19,Unclassified,1737
19,Unclassified,1738
19,Unclassified,1739
19,Unclassified,1743
19,Unclassified,1744
19,Unclassified,1745
19,Unclassified,1748
19,Unclassified,1749
19,Unclassified,1750
19,Unclassified,1752
19,Unclassified,1753
19,Unclassified,1754
19,Unclassified,1755
19,Unclassified,1756
19,Unclassified,1757
19,Unclassified,1758
19,Unclassified,1760
19,Unclassified,1761
19,Unclassified,1762
19,Unclassified,1763
19,Unclassified,1764
19,Unclassified,1765
19,Unclassified,1766
19,Unclassified,1769
19,Unclassified,1771
19,Unclassified,1773
19,Unclassified,1774
19,Unclassified,1775
19,Unclassified,1777
19,Unclassified,1779
19,Unclassified,1780
19,Unclassified,1781
19,Unclassified,1783
19,Unclassified,1785
19,Unclassified,1789
19,Unclassified,1790
19,Unclassified,1791
19,Unclassified,1795
19,Unclassified,1796
19,Unclassified,1797
19,Unclassified,1798
19,Unclassified,1799
19,Unclassified,1800
19,Unclassified,1801
19,Unclassified,1802
19,Unclassified,1803
19,Unclassified,1804
19,Unclassified,1805
19,Unclassified,1806
19,Unclassified,1807
19,Unclassified,1808
19,Unclassified,1809
19,Unclassified,1811
19,Unclassified,1812
19,Unclassified,1813
19,Unclassified,1814
19,Unclassified,1815
19,Unclassified,1816
19,Unclassified,1820
19,Unclassified,1821
19,Unclassified,1822
19,Unclassified,1823
19,Unclassified,1824
19,Unclassified,1825
19,Unclassified,1826
19,Unclassified,1827
19,Unclassified,1828
19,Unclassified,1829
19,Unclassified,1830
19,Unclassified,1831
19,Unclassified,1833
19,Unclassified,1834
19,Unclassified,1836
19,Unclassified,1838
19,Unclassified,1839
19,Unclassified,1840
19,Unclassified,1841
19,Unclassified,1842
19,Unclassified,1843
19,Unclassified,1844
19,Unclassified,1845
19,Unclassified,1846
19,Unclassified,1847
19,Unclassified,1848
19,Unclassified,1849
19,Unclassified,1850
19,Unclassified,1851
19,Unclassified,1854
19,Unclassified,1855
19,Unclassified,1857
19,Unclassified,1859
19,Unclassified,1860
19,Unclassified,1861
19,Unclassified,1864
19,Unclassified,1866
19,Unclassified,1869
19,Unclassified,1870
19,Unclassified,1871
19,Unclassified,1872
19,Unclassified,1873
19,Unclassified,1875
19,Unclassified,1876
19,Unclassified,1877
19,Unclassified,1879
19,Unclassified,1880
19,Unclassified,1881
19,Unclassified,1882
19,Unclassified,1884
19,Unclassified,1885
19,Unclassified,1886
19,Unclassified,1888
19,Unclassified,1892
19,Unclassified,1893
19,Unclassified,1894
19,Unclassified,1895
19,Unclassified,1896
19,Unclassified,1898
19,Unclassified,1899
19,Unclassified,1901
19,Unclassified,1902
19,Unclassified,1903
19,Unclassified,1907
19,Unclassified,1908
19,Unclassified,1909
19,Unclassified,1910
19,Unclassified,1911
19,Unclassified,1913
19,Unclassified,1914
19,Unclassified,1915
19,Unclassified,1916
19,Unclassified,1918
19,Unclassified,1919
19,Unclassified,1920
19,Unclassified,1921
19,Unclassified,1924
19,Unclassified,1925
19,Unclassified,1927
19,Unclassified,1928
19,Unclassified,1929
19,Unclassified,1930
19,Unclassified,1931
19,Unclassified,1933
19,Unclassified,1935
19,Unclassified,1936
19,Unclassified,1938
19,Unclassified,1941
19,Unclassified,1944
19,Unclassified,1946
19,Unclassified,1947
19,Unclassified,1949
19,Unclassified,1950
19,Unclassified,1951
19,Unclassified,1952
19,Unclassified,1953
19,Unclassified,1954
19,Unclassified,1955
19,Unclassified,1956
19,Unclassified,1957
19,Unclassified,1959
19,Unclassified,1960
19,Unclassified,1961
19,Unclassified,1962
19,Unclassified,1963
19,Unclassified,1965
19,Unclassified,1966
19,Unclassified,1970
19,Unclassified,1971
19,Unclassified,1972
19,Unclassified,1973
19,Unclassified,1974
19,Unclassified,1976
19,Unclassified,1977
19,Unclassified,1978
19,Unclassified,1979
19,Unclassified,1980
19,Unclassified,1981
19,Unclassified,1982
19,Unclassified,1983
19,Unclassified,1984
19,Unclassified,1985
19,Unclassified,1986
19,Unclassified,1987
19,Unclassified,1988
19,Unclassified,1989
19,Unclassified,1990
19,Unclassified,1991
19,Unclassified,1992
19,Unclassified,1993
19,Unclassified,1997
19,Unclassified,1998
19,Unclassified,1999
19,Unclassified,2000
19,Unclassified,2001
19,Unclassified,2002
19,Unclassified,2003
19,Unclassified,2004
19,Unclassified,2005
19,Unclassified,2007
19,Unclassified,2008
19,Unclassified,2010
19,Unclassified,2011
19,Unclassified,2012
19,Unclassified,2013
19,Unclassified,2014
19,Unclassified,2015
19,Unclassified,2016
19,Unclassified,2017
19,Unclassified,2019
19,Unclassified,2020
19,Unclassified,2021
19,Unclassified,2022
19,Unclassified,2023
19,Unclassified,2024
19,Unclassified,2025
19,Unclassified,2026
19,Unclassified,2027
19,Unclassified,2029
19,Unclassified,2030
19,Unclassified,2031
19,Unclassified,2032
19,Unclassified,2033
19,Unclassified,2034
19,Unclassified,2035
19,Unclassified,2037
19,Unclassified,2038
19,Unclassified,2039
19,Unclassified,2040
19,Unclassified,2041
19,Unclassified,2042
19,Unclassified,2044
19,Unclassified,2045
19,Unclassified,2047
19,Unclassified,2048
19,Unclassified,2049
19,Unclassified,2051
19,Unclassified,2052
19,Unclassified,2053
19,Unclassified,2054
19,Unclassified,2055
19,Unclassified,2056
19,Unclassified,2057
19,Unclassified,2058
19,Unclassified,2059
19,Unclassified,2060
19,Unclassified,2062
19,Unclassified,2063
19,Unclassified,2064
19,Unclassified,2065
19,Unclassified,2066
19,Unclassified,2067
19,Unclassified,2068
19,Unclassified,2069
19,Unclassified,2071
19,Unclassified,2072
19,Unclassified,2073
19,Unclassified,2074
19,Unclassified,2075
19,Unclassified,2076
19,Unclassified,2077
19,Unclassified,2078
19,Unclassified,2079
19,Unclassified,2080
19,Unclassified,2081
19,Unclassified,2082
19,Unclassified,2083
19,Unclassified,2084
19,Unclassified,2087
19,Unclassified,2090
19,Unclassified,2091
19,Unclassified,2092
19,Unclassified,2094
19,Unclassified,2095
19,Unclassified,2096
19,Unclassified,2097
19,Unclassified,2098
19,Unclassified,2099
19,Unclassified,2100
19,Unclassified,2101
19,Unclassified,2102
19,Unclassified,2103
19,Unclassified,2104
19,Unclassified,2106
19,Unclassified,2107
19,Unclassified,2108
19,Unclassified,2109
19,Unclassified,2110
19,Unclassified,2111
19,Unclassified,2112
19,Unclassified,2114
19,Unclassified,2115
19,Unclassified,2116
19,Unclassified,2117
19,Unclassified,2118
19,Unclassified,2119
19,Unclassified,2120
19,Unclassified,2123
19,Unclassified,2124
19,Unclassified,2125
19,Unclassified,2127
19,Unclassified,2128
19,Unclassified,2129
19,Unclassified,2130
19,Unclassified,2131
19,Unclassified,2132
19,Unclassified,2134
19,Unclassified,2135
19,Unclassified,2136
19,Unclassified,2137
19,Unclassified,2139
19,Unclassified,2140
19,Unclassified,2141
19,Unclassified,2142
19,Unclassified,2145
19,Unclassified,2146
19,Unclassified,2147
19,Unclassified,2148
19,Unclassified,2149
19,Unclassified,2150
19,Unclassified,2151
19,Unclassified,2152
19,Unclassified,2153
19,Unclassified,2154
19,Unclassified,2155
19,Unclassified,2157
19,Unclassified,2158
19,Unclassified,2159
19,Unclassified,2161
19,Unclassified,2162
19,Unclassified,2164
19,Unclassified,2165
19,Unclassified,2168
19,Unclassified,2169
19,Unclassified,2170
19,Unclassified,2171
19,Unclassified,2172
19,Unclassified,2173
19,Unclassified,2174
19,Unclassified,2175
19,Unclassified,2176
19,Unclassified,2178
19,Unclassified,2179
19,Unclassified,2180
19,Unclassified,2181
19,Unclassified,2183
19,Unclassified,2184
19,Unclassified,2186
19,Unclassified,2188
19,Unclassified,2189
19,Unclassified,2191
19,Unclassified,2192
19,Unclassified,2194
19,Unclassified,2195
19,Unclassified,2197
19,Unclassified,2199
19,Unclassified,2200
19,Unclassified,2201
19,Unclassified,2202
19,Unclassified,2204
19,Unclassified,2205
19,Unclassified,2207
19,Unclassified,2208
19,Unclassified,2209
19,Unclassified,2210
19,Unclassified,2211
19,Unclassified,2212
19,Unclassified,2213
19,Unclassified,2215
19,Unclassified,2217
19,Unclassified,2219
19,Unclassified,2222
19,Unclassified,2223
19,Unclassified,2224
19,Unclassified,2225
19,Unclassified,2226
19,Unclassified,2227
19,Unclassified,2229
19,Unclassified,2230
19,Unclassified,2234
19,Unclassified,2235
19,Unclassified,2238
19,Unclassified,2239
19,Unclassified,2240
19,Unclassified,2241
19,Unclassified,2242
19,Unclassified,2243
19,Unclassified,2244
19,Unclassified,2245
19,Unclassified,2246
19,Unclassified,2247
19,Unclassified,2248
19,Unclassified,2249
19,Unclassified,2250
19,Unclassified,2251
19,Unclassified,2252
19,Unclassified,2253
19,Unclassified,2255
19,Unclassified,2256
19,Unclassified,2258
19,Unclassified,2259
19,Unclassified,2260
19,Unclassified,2261
19,Unclassified,2262
19,Unclassified,2264
19,Unclassified,2265
19,Unclassified,2267
19,Unclassified,2269
19,Unclassified,2270
19,Unclassified,2272
19,Unclassified,2273
19,Unclassified,2275
19,Unclassified,2276
19,Unclassified,2277
19,Unclassified,2278
19,Unclassified,2281
19,Unclassified,2282
19,Unclassified,2283
19,Unclassified,2284
19,Unclassified,2285
19,Unclassified,2286
19,Unclassified,2289
19,Unclassified,2290
19,Unclassified,2291
19,Unclassified,2292
19,Unclassified,2295
19,Unclassified,2296
19,Unclassified,2297
19,Unclassified,2298
19,Unclassified,2299
19,Unclassified,2302
19,Unclassified,2304
19,Unclassified,2306
19,Unclassified,2308
19,Unclassified,2309
19,Unclassified,2311
19,Unclassified,2312
19,Unclassified,2314
19,Unclassified,2316
19,Unclassified,2317
19,Unclassified,2318
19,Unclassified,2319
19,Unclassified,2320
19,Unclassified,2321
19,Unclassified,2322
19,Unclassified,2323
19,Unclassified,2324
19,Unclassified,2325
19,Unclassified,2326
19,Unclassified,2327
19,Unclassified,2328
19,Unclassified,2329
19,Unclassified,2330
19,Unclassified,2331
19,Unclassified,2332
19,Unclassified,2333
19,Unclassified,2334
19,Unclassified,2335
19,Unclassified,2336
19,Unclassified,2337
19,Unclassified,2338
19,Unclassified,2339
19,Unclassified,2340
19,Unclassified,2341
19,Unclassified,2342
19,Unclassified,2343
19,Unclassified,2344
19,Unclassified,2345
19,Unclassified,2346
19,Unclassified,2347
19,Unclassified,2348
19,Unclassified,2349
19,Unclassified,2350
19,Unclassified,2351
19,Unclassified,2352
19,Unclassified,2353
19,Unclassified,2354
19,Unclassified,2355
19,Unclassified,2356
19,Unclassified,2357
19,Unclassified,2358
19,Unclassified,2359
19,Unclassified,2360
19,Unclassified,2361
19,Unclassified,2362
19,Unclassified,2363
19,Unclassified,2364
19,Unclassified,2365
19,Unclassified,2366
19,Unclassified,2367
19,Unclassified,2368
19,Unclassified,2369
19,Unclassified,2370
19,Unclassified,2371
19,Unclassified,2372
19,Unclassified,2373
19,Unclassified,2374
19,Unclassified,2375
19,Unclassified,2376
19,Unclassified,2377
19,Unclassified,2378
19,Unclassified,2379
19,Unclassified,2380
19,Unclassified,2381
19,Unclassified,2382
19,Unclassified,2383
19,Unclassified,2384
19,Unclassified,2385
19,Unclassified,2386
19,Unclassified,2387
19,Unclassified,2388
19,Unclassified,2389
19,Unclassified,2390
19,Unclassified,2391
19,Unclassified,2392
19,Unclassified,2393
19,Unclassified,2394
19,Unclassified,2395
19,Unclassified,2397
19,Unclassified,2398
19,Unclassified,2399
19,Unclassified,2401
19,Unclassified,2402
19,Unclassified,2403
19,Unclassified,2404
19,Unclassified,2405
19,Unclassified,2406
19,Unclassified,2407
19,Unclassified,2408
19,Unclassified,2410
19,Unclassified,2411
19,Unclassified,2412
19,Unclassified,2413
19,Unclassified,2414
19,Unclassified,2415
19,Unclassified,2416
19,Unclassified,2417
19,Unclassified,2418
19,Unclassified,2419
19,Unclassified,2420
19,Unclassified,2421
19,Unclassified,2422
19,Unclassified,2423
19,Unclassified,2424
19,Unclassified,2425
19,Unclassified,2426
19,Unclassified,2427
19,Unclassified,2428
19,Unclassified,2430
19,Unclassified,2431
19,Unclassified,2432
19,Unclassified,2433
19,Unclassified,2435
19,Unclassified,2436
19,Unclassified,2437
19,Unclassified,2438
19,Unclassified,2440
19,Unclassified,2441
19,Unclassified,2442
19,Unclassified,2443
19,Unclassified,2444
19,Unclassified,2445
19,Unclassified,2446
19,Unclassified,2447
19,Unclassified,2448
19,Unclassified,2449
19,Unclassified,2451
19,Unclassified,2452
19,Unclassified,2453
19,Unclassified,2454
19,Unclassified,2455
19,Unclassified,2456
19,Unclassified,2457
19,Unclassified,2460
19,Unclassified,2462
19,Unclassified,2463
19,Unclassified,2465
19,Unclassified,2466
19,Unclassified,2468
19,Unclassified,2469
19,Unclassified,2470
19,Unclassified,2471
19,Unclassified,2472
19,Unclassified,2473
19,Unclassified,2474
19,Unclassified,2475
19,Unclassified,2476
19,Unclassified,2477
19,Unclassified,2478
19,Unclassified,2479
19,Unclassified,2481
19,Unclassified,2483
19,Unclassified,2484
19,Unclassified,2485
19,Unclassified,2486
19,Unclassified,2487
19,Unclassified,2488
19,Unclassified,2489
19,Unclassified,2490
19,Unclassified,2491
19,Unclassified,2492
19,Unclassified,2493
19,Unclassified,2494
19,Unclassified,2495
19,Unclassified,2496
19,Unclassified,2497
19,Unclassified,2498
19,Unclassified,2499
19,Unclassified,2500
19,Unclassified,2501
19,Unclassified,2502
19,Unclassified,2503
19,Unclassified,2504
19,Unclassified,2506
19,Unclassified,2507
19,Unclassified,2509
19,Unclassified,2510
19,Unclassified,2511
19,Unclassified,2512
19,Unclassified,2514
19,Unclassified,2515
19,Unclassified,2516
19,Unclassified,2517
19,Unclassified,2519
19,Unclassified,2520
19,Unclassified,2521
19,Unclassified,2522
19,Unclassified,2523
19,Unclassified,2524
19,Unclassified,2525
19,Unclassified,2526
19,Unclassified,2527
19,Unclassified,2528
19,Unclassified,2529
19,Unclassified,2530
19,Unclassified,2531
19,Unclassified,2532
19,Unclassified,2533
19,Unclassified,2534
19,Unclassified,2535
19,Unclassified,2536
19,Unclassified,2537
19,Unclassified,2538
19,Unclassified,2539
19,Unclassified,2540
19,Unclassified,2541
19,Unclassified,2542
19,Unclassified,2543
19,Unclassified,2544
19,Unclassified,2545
19,Unclassified,2546
19,Unclassified,2547
19,Unclassified,2548
19,Unclassified,2549
19,Unclassified,2550
19,Unclassified,2551
19,Unclassified,2552
19,Unclassified,2553
19,Unclassified,2554
19,Unclassified,2555
19,Unclassified,2557
19,Unclassified,2558
19,Unclassified,2559
19,Unclassified,2560
19,Unclassified,2561
19,Unclassified,2562
19,Unclassified,2563
19,Unclassified,2564
19,Unclassified,2565
19,Unclassified,2567
19,Unclassified,2568
19,Unclassified,2569
19,Unclassified,2570
19,Unclassified,2571
19,Unclassified,2572
19,Unclassified,2573
19,Unclassified,2576
19,Unclassified,2577
19,Unclassified,2578
19,Unclassified,2579
19,Unclassified,2580
19,Unclassified,2581
19,Unclassified,2582
19,Unclassified,2583
19,Unclassified,2584
19,Unclassified,2585
19,Unclassified,2586
19,Unclassified,2587
19,Unclassified,2588
19,Unclassified,2589
19,Unclassified,2590
19,Unclassified,2591
19,Unclassified,2593
19,Unclassified,2594
19,Unclassified,2596
19,Unclassified,2597
19,Unclassified,2598
19,Unclassified,2599
19,Unclassified,2600
19,Unclassified,2601
19,Unclassified,2602
19,Unclassified,2603
19,Unclassified,2604
19,Unclassified,2605
19,Unclassified,2606
19,Unclassified,2607
19,Unclassified,2608
19,Unclassified,2609
19,Unclassified,2610
19,Unclassified,2611
19,Unclassified,2612
19,Unclassified,2613
19,Unclassified,2614
19,Unclassified,2615
19,Unclassified,2616
19,Unclassified,2617
19,Unclassified,2618
19,Unclassified,2619
19,Unclassified,2620
19,Unclassified,2621
19,Unclassified,2623
19,Unclassified,2624
19,Unclassified,2625
19,Unclassified,2626
19,Unclassified,2627
19,Unclassified,2628
19,Unclassified,2629
19,Unclassified,2630
19,Unclassified,2631
19,Unclassified,2632
19,Unclassified,2633
19,Unclassified,2635
19,Unclassified,2636
19,Unclassified,2637
19,Unclassified,2638
19,Unclassified,2639
19,Unclassified,2640
19,Unclassified,2641
19,Unclassified,2642
19,Unclassified,2643
19,Unclassified,2644
19,Unclassified,2645
19,Unclassified,2646
19,Unclassified,2648
19,Unclassified,2649
19,Unclassified,2650
19,Unclassified,2651
19,Unclassified,2652
19,Unclassified,2653
19,Unclassified,2654
19,Unclassified,2656
19,Unclassified,2658
19,Unclassified,2659
19,Unclassified,2660
19,Unclassified,2661
19,Unclassified,2662
19,Unclassified,2663
19,Unclassified,2664
19,Unclassified,2666
19,Unclassified,2667
19,Unclassified,2668
19,Unclassified,2669
19,Unclassified,2671
19,Unclassified,2673
19,Unclassified,2674
19,Unclassified,2675
19,Unclassified,2676
19,Unclassified,2678
19,Unclassified,2679
19,Unclassified,2680
19,Unclassified,2681
19,Unclassified,2683
19,Unclassified,2684
19,Unclassified,2685
19,Unclassified,2686
19,Unclassified,2687
19,Unclassified,2688
19,Unclassified,2690
19,Unclassified,2691
19,Unclassified,2692
19,Unclassified,2694
19,Unclassified,2696
19,Unclassified,2698
19,Unclassified,2700
19,Unclassified,2701
19,Unclassified,2702
19,Unclassified,2703
19,Unclassified,2704
19,Unclassified,2705
19,Unclassified,2707
19,Unclassified,2708
19,Unclassified,2710
19,Unclassified,2711
19,Unclassified,2712
19,Unclassified,2713
19,Unclassified,2714
19,Unclassified,2715
19,Unclassified,2716
19,Unclassified,2717
19,Unclassified,2718
19,Unclassified,2719
19,Unclassified,2720
19,Unclassified,2721
19,Unclassified,2722
19,Unclassified,2723
19,Unclassified,2724
19,Unclassified,2725
19,Unclassified,2726
19,Unclassified,2727
19,Unclassified,2728
19,Unclassified,2730
19,Unclassified,2731
19,Unclassified,2733
19,Unclassified,2735
19,Unclassified,2736
19,Unclassified,2737
19,Unclassified,2739
19,Unclassified,2740
19,Unclassified,2741
19,Unclassified,2742
19,Unclassified,2743
19,Unclassified,2744
19,Unclassified,2745
19,Unclassified,2746
19,Unclassified,2747
19,Unclassified,2748
19,Unclassified,2749
19,Unclassified,2750
19,Unclassified,2752
19,Unclassified,2754
19,Unclassified,2756
19,Unclassified,2757
19,Unclassified,2758
19,Unclassified,2759
19,Unclassified,2760
19,Unclassified,2761
19,Unclassified,2762
19,Unclassified,2763
19,Unclassified,2764
19,Unclassified,2765
19,Unclassified,2766
19,Unclassified,2768
19,Unclassified,2769
19,Unclassified,2770
19,Unclassified,2771
19,Unclassified,2772
19,Unclassified,2773
19,Unclassified,2774
19,Unclassified,2775
19,Unclassified,2776
19,Unclassified,2778
19,Unclassified,2779
19,Unclassified,2780
19,Unclassified,2781
19,Unclassified,2782
19,Unclassified,2783
19,Unclassified,2786
19,Unclassified,2787
19,Unclassified,2788
19,Unclassified,2790
19,Unclassified,2791
19,Unclassified,2792
19,Unclassified,2793
19,Unclassified,2794
19,Unclassified,2795
19,Unclassified,2796
19,Unclassified,2797
19,Unclassified,2798
19,Unclassified,2800
19,Unclassified,2801
19,Unclassified,2802
19,Unclassified,2803
19,Unclassified,2804
19,Unclassified,2805
19,Unclassified,2806
19,Unclassified,2807
19,Unclassified,2808
19,Unclassified,2809
19,Unclassified,2810
19,Unclassified,2811
19,Unclassified,2812
19,Unclassified,2813
19,Unclassified,2814
19,Unclassified,2815
19,Unclassified,2816
19,Unclassified,2817
19,Unclassified,2818
19,Unclassified,2819
19,Unclassified,2820
19,Unclassified,2821
19,Unclassified,2822
19,Unclassified,2823
19,Unclassified,2824
19,Unclassified,2825
19,Unclassified,2826
19,Unclassified,2827
19,Unclassified,2828
19,Unclassified,2829
19,Unclassified,2830
19,Unclassified,2831
19,Unclassified,2832
19,Unclassified,2833
19,Unclassified,2834
19,Unclassified,2835
19,Unclassified,2836
19,Unclassified,2837
19,Unclassified,2838
19,Unclassified,2839
19,Unclassified,2840
19,Unclassified,2841
19,Unclassified,2843
19,Unclassified,2844
19,Unclassified,2845
19,Unclassified,2846
19,Unclassified,2847
19,Unclassified,2851
19,Unclassified,2852
19,Unclassified,2853
19,Unclassified,2854
19,Unclassified,2855
19,Unclassified,2856
19,Unclassified,2857
19,Unclassified,2858
19,Unclassified,2859
19,Unclassified,2860
19,Unclassified,2861
19,Unclassified,2862
19,Unclassified,2863
19,Unclassified,2864
19,Unclassified,2865
19,Unclassified,2866
19,Unclassified,2868
19,Unclassified,2869
19,Unclassified,2870
19,Unclassified,2872
19,Unclassified,2874
19,Unclassified,2875
19,Unclassified,2876
19,Unclassified,2877
19,Unclassified,2878
19,Unclassified,2879
19,Unclassified,2880
19,Unclassified,2881
19,Unclassified,2882
19,Unclassified,2884
19,Unclassified,2885
19,Unclassified,2886
19,Unclassified,2888
19,Unclassified,2889
19,Unclassified,2891
19,Unclassified,2893
19,Unclassified,2894
19,Unclassified,2896
19,Unclassified,2897
19,Unclassified,2899
19,Unclassified,2901
19,Unclassified,2902
19,Unclassified,2903
19,Unclassified,2906
19,Unclassified,2907
19,Unclassified,2908
19,Unclassified,2912
19,Unclassified,2913
19,Unclassified,2914
19,Unclassified,2915
19,Unclassified,2916
19,Unclassified,2917
19,Unclassified,2918
19,Unclassified,2921
19,Unclassified,2923
19,Unclassified,2924
19,Unclassified,2927
19,Unclassified,2932
19,Unclassified,2933
19,Unclassified,2934
19,Unclassified,2935
19,Unclassified,2936
19,Unclassified,2938
19,Unclassified,2939
19,Unclassified,2940
19,Unclassified,2941
19,Unclassified,2942
19,Unclassified,2943
19,Unclassified,2945
19,Unclassified,2947
19,Unclassified,2948
19,Unclassified,2949
19,Unclassified,2950
19,Unclassified,2951
19,Unclassified,2953
19,Unclassified,2954
19,Unclassified,2955
19,Unclassified,2956
19,Unclassified,2959
19,Unclassified,2961
19,Unclassified,2962
19,Unclassified,2964
19,Unclassified,2965
19,Unclassified,2966
19,Unclassified,2968
19,Unclassified,2969
19,Unclassified,2971
19,Unclassified,2972
19,Unclassified,2973
19,Unclassified,2974
19,Unclassified,2975
19,Unclassified,2976
19,Unclassified,2977
19,Unclassified,2979
19,Unclassified,2981
19,Unclassified,2982
19,Unclassified,2983
19,Unclassified,2984
19,Unclassified,2985
19,Unclassified,2987
19,Unclassified,2988
19,Unclassified,2989
19,Unclassified,2990
19,Unclassified,2993
19,Unclassified,2994
19,Unclassified,2995
19,Unclassified,2997
19,Unclassified,2998
19,Unclassified,2999
19,Unclassified,3000
19,Unclassified,3001
19,Unclassified,3003
19,Unclassified,3004
19,Unclassified,3005
19,Unclassified,3007
19,Unclassified,3008
19,Unclassified,3009
19,Unclassified,3011
19,Unclassified,3012
19,Unclassified,3013
19,Unclassified,3014
19,Unclassified,3015
19,Unclassified,3020
19,Unclassified,3021
19,Unclassified,3022
19,Unclassified,3025
19,Unclassified,3026
19,Unclassified,3027
19,Unclassified,3028
19,Unclassified,3030
19,Unclassified,3031
19,Unclassified,3032
19,Unclassified,3034
19,Unclassified,3035
19,Unclassified,3036
19,Unclassified,3037
19,Unclassified,3038
19,Unclassified,3039
19,Unclassified,3040
19,Unclassified,3041
19,Unclassified,3042
19,Unclassified,3044
19,Unclassified,3045
19,Unclassified,3047
19,Unclassified,3049
19,Unclassified,3050
19,Unclassified,3051
19,Unclassified,3052
19,Unclassified,3053
19,Unclassified,3054
19,Unclassified,3055
19,Unclassified,3056
19,Unclassified,3057
19,Unclassified,3058
19,Unclassified,3059
19,Unclassified,3061
19,Unclassified,3062
19,Unclassified,3063
19,Unclassified,3064
19,Unclassified,3066
19,Unclassified,3068
19,Unclassified,3069
19,Unclassified,3070
19,Unclassified,3071
19,Unclassified,3072
19,Unclassified,3073
19,Unclassified,3074
19,Unclassified,3075
19,Unclassified,3077
19,Unclassified,3078
19,Unclassified,3079
19,Unclassified,3080
19,Unclassified,3081
19,Unclassified,3083
19,Unclassified,3084
19,Unclassified,3085
19,Unclassified,3086
19,Unclassified,3087
19,Unclassified,3088
19,Unclassified,3089
19,Unclassified,3090
19,Unclassified,3091
19,Unclassified,3093
19,Unclassified,3094
19,Unclassified,3095
19,Unclassified,3097
19,Unclassified,3099
19,Unclassified,3100
19,Unclassified,3101
19,Unclassified,3102
19,Unclassified,3103
19,Unclassified,3104
19,Unclassified,3106
19,Unclassified,3107
19,Unclassified,3108
19,Unclassified,3109
19,Unclassified,3110
19,Unclassified,3111
19,Unclassified,3112
19,Unclassified,3114
19,Unclassified,3115
19,Unclassified,3116
19,Unclassified,3117
19,Unclassified,3118
19,Unclassified,3119
19,Unclassified,3120
19,Unclassified,3121
19,Unclassified,3122
19,Unclassified,3123
19,Unclassified,3124
19,Unclassified,3125
19,Unclassified,3126
19,Unclassified,3127
19,Unclassified,3128
19,Unclassified,3130
19,Unclassified,3131
19,Unclassified,3132
19,Unclassified,3133
19,Unclassified,3134
19,Unclassified,3135
19,Unclassified,3136
19,Unclassified,3137
19,Unclassified,3138
19,Unclassified,3141
19,Unclassified,3144
19,Unclassified,3145
19,Unclassified,3146
19,Unclassified,3147
19,Unclassified,3149
19,Unclassified,3150
19,Unclassified,3151
19,Unclassified,3152
19,Unclassified,3153
19,Unclassified,3154
19,Unclassified,3157
19,Unclassified,3158
19,Unclassified,3159
19,Unclassified,3160
19,Unclassified,3161
19,Unclassified,3162
19,Unclassified,3163
19,Unclassified,3164
19,Unclassified,3165
19,Unclassified,3167
19,Unclassified,3169
19,Unclassified,3171
19,Unclassified,3172
19,Unclassified,3173
19,Unclassified,3175
19,Unclassified,3176
19,Unclassified,3177
19,Unclassified,3178
19,Unclassified,3179
19,Unclassified,3180
19,Unclassified,3181
19,Unclassified,3182
19,Unclassified,3185
19,Unclassified,3186
19,Unclassified,3187
19,Unclassified,3189
19,Unclassified,3191
19,Unclassified,3192
19,Unclassified,3193
19,Unclassified,3194
19,Unclassified,3195
19,Unclassified,3196
19,Unclassified,3198
19,Unclassified,3199
19,Unclassified,3201
19,Unclassified,3204
19,Unclassified,3206
19,Unclassified,3207
19,Unclassified,3208
19,Unclassified,3210
19,Unclassified,3211
19,Unclassified,3213
19,Unclassified,3214
19,Unclassified,3215
19,Unclassified,3216
19,Unclassified,3220
19,Unclassified,3221
19,Unclassified,3223
19,Unclassified,3224
19,Unclassified,3226
19,Unclassified,3231
19,Unclassified,3232
19,Unclassified,3234
19,Unclassified,3235
19,Unclassified,3237
19,Unclassified,3239
19,Unclassified,3240
19,Unclassified,3241
19,Unclassified,3244
19,Unclassified,3245
19,Unclassified,3246
19,Unclassified,3247
19,Unclassified,3248
19,Unclassified,3249
19,Unclassified,3250
19,Unclassified,3251
19,Unclassified,3252
19,Unclassified,3253
19,Unclassified,3254
19,Unclassified,3255
19,Unclassified,3257
19,Unclassified,3258
19,Unclassified,3260
19,Unclassified,3261
19,Unclassified,3262
19,Unclassified,3263
19,Unclassified,3264
19,Unclassified,3265
19,Unclassified,3266
19,Unclassified,3267
19,Unclassified,3268
19,Unclassified,3269
19,Unclassified,3270
19,Unclassified,3272
19,Unclassified,3273
19,Unclassified,3274
19,Unclassified,3275
19,Unclassified,3276
19,Unclassified,3277
19,Unclassified,3278
19,Unclassified,3279
19,Unclassified,3280
19,Unclassified,3282
19,Unclassified,3283
19,Unclassified,3284
19,Unclassified,3285
19,Unclassified,3286
19,Unclassified,3287
19,Unclassified,3288
19,Unclassified,3289
19,Unclassified,3290
19,Unclassified,3291
19,Unclassified,3292
19,Unclassified,3293
19,Unclassified,3294
19,Unclassified,3296
19,Unclassified,3297
19,Unclassified,3298
19,Unclassified,3299
19,Unclassified,3300
19,Unclassified,3301
19,Unclassified,3302
19,Unclassified,3303
19,Unclassified,3304
19,Unclassified,3305
19,Unclassified,3306
19,Unclassified,3307
19,Unclassified,3308
19,Unclassified,3309
19,Unclassified,3310
19,Unclassified,3311
19,Unclassified,3312
19,Unclassified,3313
19,Unclassified,3314
19,Unclassified,3315
19,Unclassified,3316
19,Unclassified,3317
19,Unclassified,3318
19,Unclassified,3319
19,Unclassified,3320
19,Unclassified,3321
19,Unclassified,3322
19,Unclassified,3323
19,Unclassified,3324
19,Unclassified,3325
19,Unclassified,3326
19,Unclassified,3327
19,Unclassified,3328
19,Unclassified,3329
19,Unclassified,3330
19,Unclassified,3331
19,Unclassified,3333
19,Unclassified,3334
19,Unclassified,3335
19,Unclassified,3336
19,Unclassified,3337
19,Unclassified,3338
19,Unclassified,3339
19,Unclassified,3340
19,Unclassified,3341
19,Unclassified,3342
19,Unclassified,3343
19,Unclassified,3346
19,Unclassified,3347
19,Unclassified,3348
19,Unclassified,3349
19,Unclassified,3350
19,Unclassified,3351
19,Unclassified,3352
19,Unclassified,3354
19,Unclassified,3355
19,Unclassified,3356
19,Unclassified,3359
19,Unclassified,3360
19,Unclassified,3361
19,Unclassified,3362
19,Unclassified,3364
19,Unclassified,3365
19,Unclassified,3366
19,Unclassified,3367
19,Unclassified,3368
19,Unclassified,3369
19,Unclassified,3371
19,Unclassified,3372
19,Unclassified,3373
19,Unclassified,3374
19,Unclassified,3376
19,Unclassified,3377
19,Unclassified,3379
19,Unclassified,3380
19,Unclassified,3381
19,Unclassified,3382
19,Unclassified,3383
19,Unclassified,3384
19,Unclassified,3385
19,Unclassified,3386
19,Unclassified,3389
19,Unclassified,3390
19,Unclassified,3391
19,Unclassified,3393
19,Unclassified,3394
19,Unclassified,3395
19,Unclassified,3396
19,Unclassified,3397
19,Unclassified,3398
19,Unclassified,3399
19,Unclassified,3400
19,Unclassified,3401
19,Unclassified,3402
19,Unclassified,3403
19,Unclassified,3404
19,Unclassified,3405
19,Unclassified,3406
19,Unclassified,3408
19,Unclassified,3409
19,Unclassified,3410
19,Unclassified,3411
19,Unclassified,3412
19,Unclassified,3413
19,Unclassified,3415
19,Unclassified,3416
19,Unclassified,3417
19,Unclassified,3418
19,Unclassified,3419
19,Unclassified,3421
19,Unclassified,3422
19,Unclassified,3423
19,Unclassified,3424
19,Unclassified,3425
19,Unclassified,3426
19,Unclassified,3427
19,Unclassified,3429
19,Unclassified,3430
19,Unclassified,3431
19,Unclassified,3432
19,Unclassified,3433
19,Unclassified,3435
19,Unclassified,3436
19,Unclassified,3437
19,Unclassified,3438
19,Unclassified,3439
19,Unclassified,3440
19,Unclassified,3443
19,Unclassified,3445
19,Unclassified,3447
19,Unclassified,3448
19,Unclassified,3449
19,Unclassified,3451
19,Unclassified,3453
19,Unclassified,3455
19,Unclassified,3457
19,Unclassified,3459
19,Unclassified,3461
19,Unclassified,3462
19,Unclassified,3463
19,Unclassified,3465
19,Unclassified,3467
19,Unclassified,3468
19,Unclassified,3469
19,Unclassified,3470
19,Unclassified,3471
19,Unclassified,3472
19,Unclassified,3473
19,Unclassified,3474
19,Unclassified,3475
19,Unclassified,3477
19,Unclassified,3478
19,Unclassified,3479
19,Unclassified,3481
19,Unclassified,3482
19,Unclassified,3483
19,Unclassified,3484
19,Unclassified,3486
19,Unclassified,3488
19,Unclassified,3489
19,Unclassified,3491
19,Unclassified,3492
19,Unclassified,3493
19,Unclassified,3494
19,Unclassified,3495
19,Unclassified,3496
19,Unclassified,3497
19,Unclassified,3499
19,Unclassified,3500
19,Unclassified,3502
19,Unclassified,3504
19,Unclassified,3505
19,Unclassified,3506
19,Unclassified,3507
19,Unclassified,3508
19,Unclassified,3509
19,Unclassified,3510
19,Unclassified,3511
19,Unclassified,3512
19,Unclassified,3513
19,Unclassified,3514
